Loan_ID,Region,Employment_Type,Annual_Income,Credit_Score,Loan_Amount,Interest_Rate_%,Loan_Term_Months,Monthly_Debt,Loan_Status,Debt_to_Income_Ratio,Estimated_Monthly_Payment
10001,South,Self-Employed,87134,763,42823,6.78,48,987,Defaulted,0.14,241.95
10002,West,Business Owner,50491,769,48039,17.93,12,2995,Defaulted,0.71,717.78
10003,Northeast,Salaried,31341,686,23708,11.85,36,408,Approved,0.16,234.12
10004,South,Salaried,74623,575,17819,10.09,60,692,Rejected,0.11,149.83
10005,South,Salaried,120327,558,14369,13.57,60,2912,Defaulted,0.29,162.49
10006,West,Salaried,30338,564,14283,6.42,24,1857,Approved,0.73,76.41
10007,Northeast,Unemployed,101431,559,35573,13.28,60,931,Paid Off,0.11,393.67
10008,Northeast,Salaried,42254,765,18171,11.48,60,1329,Defaulted,0.38,173.84
10009,South,Unemployed,81860,671,35933,10.29,60,1805,Approved,0.26,308.13
10010,Midwest,Unemployed,41344,670,10774,17.39,36,2945,Approved,0.85,156.13
10011,South,Salaried,31750,674,11519,11.79,60,793,Defaulted,0.3,113.17
10012,South,Salaried,84756,719,15983,7.85,60,1415,Rejected,0.2,104.56
10013,South,Self-Employed,97957,621,35932,10.97,60,524,Approved,0.06,328.48
10014,South,Business Owner,135423,701,35798,16.95,12,1178,Approved,0.1,505.65
10015,West,Salaried,88053,757,23133,7.29,36,1949,Approved,0.27,140.53
10016,Northeast,Self-Employed,100855,598,19939,7.78,24,2050,Paid Off,0.24,129.27
10017,West,Self-Employed,45896,703,5781,5.17,12,1690,Paid Off,0.44,24.91
10018,West,Business Owner,85761,640,32624,5.18,48,1093,Defaulted,0.15,140.83
10019,West,Unemployed,92552,586,11823,15.78,36,1590,Approved,0.21,155.47
10020,South,Salaried,107454,617,23489,14.52,36,343,Rejected,0.04,284.22
10021,Midwest,Business Owner,148681,599,44961,9.62,48,583,Rejected,0.05,360.44
10022,Northeast,Salaried,120600,701,34118,14.08,48,2463,Approved,0.25,400.32
10023,Midwest,Self-Employed,142153,568,39881,10.14,48,2571,Approved,0.22,336.99
10024,West,Self-Employed,57935,649,21280,17.39,24,416,Defaulted,0.09,308.38
10025,West,Unemployed,67641,609,27263,17.57,60,1715,Defaulted,0.3,399.18
10026,Midwest,Self-Employed,59711,716,18565,10.11,36,2430,Approved,0.49,156.41
10027,Midwest,Self-Employed,100342,751,25354,16.1,60,2517,Paid Off,0.3,340.17
10028,Midwest,Business Owner,136896,638,47951,15.05,60,1690,Approved,0.15,601.39
10029,West,Salaried,42182,695,30643,9.03,48,1835,Rejected,0.52,230.59
10030,West,Salaried,117833,696,28648,8.02,24,2714,Paid Off,0.28,191.46
10031,Northeast,Business Owner,86276,713,46971,10.96,12,2552,Rejected,0.35,429.0
10032,Northeast,Unemployed,49541,751,23658,15.16,24,1367,Defaulted,0.33,298.88
10033,West,Salaried,124457,774,26253,17.48,60,310,Paid Off,0.03,382.42
10034,Midwest,Self-Employed,112310,732,31390,14.93,24,1213,Approved,0.13,390.54
10035,Midwest,Salaried,74813,791,28128,16.12,48,431,Paid Off,0.07,377.85
10036,Northeast,Self-Employed,67198,618,18489,12.84,12,1914,Approved,0.34,197.83
10037,West,Unemployed,38820,724,43314,15.86,48,1955,Approved,0.6,572.47
10038,Northeast,Business Owner,54070,598,37658,15.2,12,2842,Approved,0.63,477.0
10039,Northeast,Salaried,99768,776,11852,9.9,60,1777,Approved,0.21,97.78
10040,South,Business Owner,41122,657,34450,12.18,12,1496,Paid Off,0.44,349.67
10041,South,Salaried,110559,775,7551,15.46,12,2420,Approved,0.26,97.28
10042,South,Self-Employed,103543,710,11411,5.6,12,1172,Paid Off,0.14,53.25
10043,Midwest,Business Owner,113441,668,38243,15.51,24,1230,Rejected,0.13,494.29
10044,West,Salaried,71786,698,26800,7.31,24,2793,Approved,0.47,163.26
10045,West,Self-Employed,124934,758,15403,11.69,60,2795,Paid Off,0.27,150.05
10046,West,Business Owner,129804,699,12239,15.51,12,717,Approved,0.07,158.19
10047,West,Business Owner,36737,725,11710,8.3,36,1113,Approved,0.36,80.99
10048,South,Salaried,66062,586,26384,8.2,60,2462,Rejected,0.45,180.29
10049,Midwest,Salaried,84237,692,26038,10.24,12,2381,Approved,0.34,222.19
10050,Midwest,Salaried,81571,712,45846,16.63,12,2532,Approved,0.37,635.35
10051,South,Self-Employed,55510,769,27447,5.01,24,2144,Paid Off,0.46,114.59
10052,Midwest,Salaried,49426,748,7285,16.72,60,1662,Rejected,0.4,101.5
10053,South,Business Owner,67265,709,42991,7.0,12,2072,Approved,0.37,250.78
10054,West,Business Owner,47850,560,18521,17.87,12,2933,Defaulted,0.74,275.81
10055,South,Salaried,148249,687,11971,17.41,60,2578,Rejected,0.21,173.68
10056,West,Salaried,96150,750,34139,11.43,36,1507,Defaulted,0.19,325.17
10057,West,Unemployed,117312,627,24909,11.67,60,1098,Approved,0.11,242.24
10058,Northeast,Business Owner,119613,626,16531,11.26,60,1298,Rejected,0.13,155.12
10059,South,Self-Employed,104910,734,19721,13.26,36,1389,Defaulted,0.16,217.92
10060,Northeast,Unemployed,82375,702,24206,6.18,60,1412,Rejected,0.21,124.66
10061,South,Salaried,65435,551,42711,5.42,12,2325,Paid Off,0.43,192.91
10062,South,Salaried,126443,613,11530,5.75,60,887,Approved,0.08,55.25
10063,Northeast,Business Owner,87132,584,16116,10.78,36,2268,Approved,0.31,144.78
10064,Northeast,Salaried,108945,556,5258,8.58,48,765,Approved,0.08,37.59
10065,South,Self-Employed,112050,634,5282,13.09,60,1407,Approved,0.15,57.62
10066,Midwest,Business Owner,125402,695,18937,17.9,24,2094,Defaulted,0.2,282.48
10067,West,Salaried,32983,616,6898,10.02,12,1026,Approved,0.37,57.6
10068,Northeast,Business Owner,127241,591,9135,12.46,12,1551,Defaulted,0.15,94.85
10069,West,Salaried,50662,667,11629,10.4,24,2426,Defaulted,0.57,100.78
10070,Midwest,Salaried,53510,674,48936,16.01,24,2011,Approved,0.45,652.89
10071,Midwest,Salaried,108187,716,24584,16.73,60,1282,Approved,0.14,342.74
10072,Midwest,Self-Employed,70998,718,28551,16.41,24,1550,Defaulted,0.26,390.43
10073,Northeast,Self-Employed,86846,790,38380,17.67,48,1844,Defaulted,0.25,565.15
10074,Midwest,Business Owner,124071,752,22071,5.36,36,2916,Approved,0.28,98.58
10075,Northeast,Salaried,36640,780,25074,15.92,24,390,Approved,0.13,332.65
10076,Midwest,Salaried,74547,573,30188,14.77,24,1423,Rejected,0.23,371.56
10077,West,Self-Employed,84620,737,7307,7.97,48,1535,Paid Off,0.22,48.53
10078,West,Salaried,45317,595,44901,17.43,12,907,Approved,0.24,652.19
10079,South,Self-Employed,145608,568,16205,6.93,12,578,Paid Off,0.05,93.58
10080,West,Salaried,37564,617,10906,13.83,60,586,Approved,0.19,125.69
10081,South,Business Owner,57345,767,7591,7.92,48,2484,Approved,0.52,50.1
10082,West,Salaried,143824,651,20149,10.61,36,815,Approved,0.07,178.15
10083,Northeast,Salaried,124223,591,49918,14.35,36,1742,Approved,0.17,596.94
10084,West,Unemployed,109273,581,44951,12.32,48,2530,Approved,0.28,461.5
10085,South,Self-Employed,104859,716,30150,10.56,36,2248,Approved,0.26,265.32
10086,South,Salaried,110765,658,36852,9.24,12,1954,Approved,0.21,283.76
10087,Midwest,Salaried,140017,787,47870,15.92,36,663,Approved,0.06,635.08
10088,Northeast,Unemployed,104038,585,6283,6.87,36,1166,Approved,0.13,35.97
10089,West,Unemployed,82393,781,38691,10.59,48,371,Defaulted,0.05,341.45
10090,Midwest,Self-Employed,96081,778,6125,16.75,48,1346,Approved,0.17,85.49
10091,West,Unemployed,132650,646,6529,16.0,36,1042,Approved,0.09,87.05
10092,West,Business Owner,59430,713,31170,10.21,24,1521,Rejected,0.31,265.2
10093,Midwest,Unemployed,105532,680,13438,14.92,48,2108,Defaulted,0.24,167.08
10094,Midwest,Business Owner,57788,622,25095,15.7,60,889,Approved,0.18,328.33
10095,Midwest,Self-Employed,125505,685,21154,16.56,60,2822,Paid Off,0.27,291.93
10096,Midwest,Self-Employed,78543,646,13004,12.08,12,1707,Paid Off,0.26,130.91
10097,Midwest,Self-Employed,43919,672,14752,7.66,36,2412,Paid Off,0.66,94.17
10098,West,Self-Employed,99346,619,48360,8.32,24,2224,Approved,0.27,335.3
10099,Midwest,Self-Employed,126122,718,31819,8.84,12,1922,Paid Off,0.18,234.4
10100,Northeast,Business Owner,69974,780,41632,12.72,36,582,Approved,0.1,441.3
10101,South,Business Owner,137309,745,31515,5.43,48,2456,Rejected,0.21,142.61
10102,Midwest,Self-Employed,46371,562,29217,13.27,60,1612,Paid Off,0.42,323.09
10103,Midwest,Unemployed,75084,598,28172,9.74,24,1783,Approved,0.28,228.66
10104,West,Salaried,59629,609,37994,8.84,60,2471,Paid Off,0.5,279.89
10105,Midwest,Self-Employed,81184,679,20036,16.43,48,2250,Approved,0.33,274.33
10106,Midwest,Unemployed,91916,737,16739,10.98,36,571,Paid Off,0.07,153.16
10107,Midwest,Salaried,103972,554,37220,6.24,48,1910,Approved,0.22,193.54
10108,West,Self-Employed,92187,721,14587,15.75,48,1669,Approved,0.22,191.45
10109,Midwest,Self-Employed,42984,576,49517,5.62,60,810,Approved,0.23,231.9
10110,South,Business Owner,63039,709,35129,14.45,24,315,Defaulted,0.06,423.01
10111,West,Salaried,115431,698,5645,15.06,48,646,Approved,0.07,70.84
10112,South,Salaried,113691,557,35930,9.58,60,1591,Approved,0.17,286.84
10113,West,Unemployed,88606,779,21299,15.72,24,1540,Approved,0.21,279.02
10114,Midwest,Business Owner,40616,749,35090,11.7,36,614,Paid Off,0.18,342.13
10115,South,Business Owner,132665,599,26953,11.02,36,2008,Rejected,0.18,247.52
10116,West,Business Owner,135373,616,31475,5.59,12,1247,Approved,0.11,146.62
10117,Northeast,Business Owner,80072,795,23888,8.77,60,2910,Approved,0.44,174.58
10118,Midwest,Salaried,54574,593,48732,17.1,24,2073,Approved,0.46,694.43
10119,West,Salaried,33430,674,21087,10.09,48,1273,Approved,0.46,177.31
10120,Northeast,Self-Employed,149123,607,14346,12.11,36,917,Approved,0.07,144.78
10121,West,Self-Employed,42676,552,5587,11.92,24,1558,Paid Off,0.44,55.5
10122,Northeast,Business Owner,40816,635,17763,12.68,60,1805,Approved,0.53,187.7
10123,Midwest,Business Owner,62733,619,46945,5.8,12,2518,Approved,0.48,226.9
10124,South,Business Owner,115680,679,9079,9.71,36,761,Approved,0.08,73.46
10125,Northeast,Self-Employed,32050,764,41116,14.4,24,2494,Defaulted,0.93,493.39
10126,West,Unemployed,139996,721,25215,7.61,24,586,Defaulted,0.05,159.91
10127,Midwest,Unemployed,63933,551,30817,7.65,24,901,Paid Off,0.17,196.46
10128,Northeast,Self-Employed,54951,651,29765,5.13,60,2806,Approved,0.61,127.25
10129,West,Self-Employed,62413,758,35112,10.69,60,1172,Approved,0.23,312.79
10130,West,Self-Employed,64801,584,30556,16.48,60,1584,Approved,0.29,419.64
10131,West,Self-Employed,85619,647,23099,5.67,48,1183,Approved,0.17,109.14
10132,Northeast,Self-Employed,62913,764,48553,7.48,24,1711,Rejected,0.33,302.65
10133,Northeast,Self-Employed,142573,579,11450,9.03,36,551,Paid Off,0.05,86.16
10134,Northeast,Business Owner,149076,665,18230,14.51,60,1924,Defaulted,0.15,220.43
10135,South,Business Owner,70600,557,34009,13.33,60,2151,Paid Off,0.37,377.78
10136,Northeast,Business Owner,87775,699,10433,10.41,24,1479,Approved,0.2,90.51
10137,Northeast,Business Owner,120816,593,38866,14.87,60,2107,Paid Off,0.21,481.61
10138,Northeast,Self-Employed,120093,735,44864,12.93,48,952,Approved,0.1,483.41
10139,South,Unemployed,142590,585,23710,16.65,48,1224,Approved,0.1,328.98
10140,Northeast,Salaried,65400,746,16439,15.63,60,745,Paid Off,0.14,214.12
10141,West,Self-Employed,34494,626,46855,8.29,24,1669,Approved,0.58,323.69
10142,Northeast,Salaried,110688,770,21021,8.53,24,278,Approved,0.03,149.42
10143,West,Unemployed,119431,580,11416,6.63,24,1459,Approved,0.15,63.07
10144,West,Business Owner,104691,596,11980,9.38,12,2581,Paid Off,0.3,93.64
10145,West,Unemployed,127419,798,23058,17.99,60,1088,Paid Off,0.1,345.68
10146,South,Self-Employed,138730,604,16101,10.27,24,1305,Approved,0.11,137.8
10147,South,Business Owner,73001,757,45718,7.87,48,2749,Paid Off,0.45,299.83
10148,South,Self-Employed,97364,655,37602,14.91,36,2190,Approved,0.27,467.2
10149,Northeast,Business Owner,75028,739,14122,12.05,36,1700,Approved,0.27,141.81
10150,West,Salaried,137434,707,17576,6.94,24,1120,Paid Off,0.1,101.65
10151,South,Salaried,127659,670,32516,9.95,36,749,Paid Off,0.07,269.61
10152,South,Salaried,67573,604,27433,10.39,36,2261,Defaulted,0.4,237.52
10153,Northeast,Unemployed,30806,693,6089,14.8,12,591,Approved,0.23,75.1
10154,South,Self-Employed,86638,561,42346,5.27,48,2557,Paid Off,0.35,185.97
10155,Northeast,Unemployed,136506,694,14127,8.5,48,2633,Paid Off,0.23,100.07
10156,Midwest,Salaried,59757,693,15487,11.73,12,1580,Defaulted,0.32,151.39
10157,South,Self-Employed,64636,689,5155,8.5,12,1173,Approved,0.22,36.51
10158,Midwest,Salaried,110097,685,6958,13.17,36,539,Paid Off,0.06,76.36
10159,Northeast,Unemployed,78280,761,15693,11.26,60,2844,Rejected,0.44,147.25
10160,West,Unemployed,54262,552,44112,9.7,36,956,Approved,0.21,356.57
10161,South,Unemployed,110435,693,43547,17.34,12,1245,Approved,0.14,629.25
10162,Northeast,Salaried,92211,579,33795,13.22,48,2538,Approved,0.33,372.31
10163,West,Self-Employed,84842,786,26447,6.69,36,2553,Rejected,0.36,147.44
10164,West,Self-Employed,86979,572,41598,12.28,60,2881,Defaulted,0.4,425.69
10165,Midwest,Salaried,144524,641,46814,15.15,36,2872,Rejected,0.24,591.03
10166,Northeast,Self-Employed,111470,664,30215,14.21,24,1138,Paid Off,0.12,357.8
10167,West,Salaried,68197,653,14794,7.24,36,1047,Rejected,0.18,89.26
10168,South,Self-Employed,71844,667,38209,17.64,12,641,Approved,0.11,561.67
10169,South,Business Owner,94754,554,27424,10.83,48,2750,Approved,0.35,247.5
10170,Midwest,Business Owner,131868,761,42396,7.07,48,329,Approved,0.03,249.78
10171,West,Unemployed,64157,653,11370,7.34,12,796,Approved,0.15,69.55
10172,Northeast,Business Owner,107129,797,14528,6.28,24,2158,Approved,0.24,76.03
10173,South,Business Owner,70042,657,33276,15.45,12,1705,Rejected,0.29,428.43
10174,West,Business Owner,91665,614,49333,6.59,36,1061,Approved,0.14,270.92
10175,West,Salaried,145512,670,13179,6.63,12,2840,Approved,0.23,72.81
10176,Midwest,Business Owner,146953,579,21843,16.06,12,1198,Approved,0.1,292.33
10177,South,Business Owner,112856,698,28952,9.48,24,2572,Approved,0.27,228.72
10178,South,Unemployed,57376,633,38160,5.4,36,2695,Defaulted,0.56,171.72
10179,Northeast,Business Owner,139049,747,49898,5.67,60,1751,Defaulted,0.15,235.77
10180,South,Business Owner,85554,699,34516,6.85,60,1840,Paid Off,0.26,197.03
10181,Northeast,Self-Employed,44199,759,15449,7.77,48,1711,Approved,0.46,100.03
10182,South,Unemployed,148533,749,26125,13.65,12,1936,Paid Off,0.16,297.17
10183,Midwest,Unemployed,111412,780,12418,7.05,48,2956,Paid Off,0.32,72.96
10184,South,Unemployed,80948,581,27746,6.55,24,1649,Paid Off,0.24,151.45
10185,Northeast,Unemployed,103781,710,7454,14.94,60,2057,Approved,0.24,92.8
10186,Northeast,Unemployed,102750,794,22761,13.72,12,464,Paid Off,0.05,260.23
10187,Midwest,Unemployed,96262,565,20223,10.66,24,2859,Paid Off,0.36,179.65
10188,South,Salaried,147424,753,11701,12.14,24,2921,Rejected,0.24,118.38
10189,South,Business Owner,76600,587,7597,9.06,12,1662,Paid Off,0.26,57.36
10190,Midwest,Unemployed,106898,793,5141,11.27,24,356,Approved,0.04,48.28
10191,South,Business Owner,92483,775,7659,11.59,12,1645,Rejected,0.21,73.97
10192,South,Business Owner,48297,691,25980,10.03,12,2498,Approved,0.62,217.15
10193,Northeast,Salaried,60448,585,14031,16.79,36,1832,Paid Off,0.36,196.32
10194,South,Unemployed,56172,774,20037,5.21,48,2777,Approved,0.59,86.99
10195,South,Self-Employed,72874,700,43429,15.17,24,2574,Approved,0.42,549.01
10196,Midwest,Salaried,37657,663,11142,6.62,24,1094,Approved,0.35,61.47
10197,Midwest,Self-Employed,114386,786,17109,15.37,36,2344,Rejected,0.25,219.14
10198,West,Business Owner,55425,615,27010,13.01,36,712,Approved,0.15,292.83
10199,Northeast,Business Owner,56685,654,13787,15.96,36,415,Paid Off,0.09,183.37
10200,South,Salaried,142855,634,47864,6.27,60,2372,Paid Off,0.2,250.09
10201,South,Salaried,54578,551,13472,12.27,60,1906,Approved,0.42,137.75
10202,West,Self-Employed,58831,768,28383,11.51,60,2306,Approved,0.47,272.24
10203,South,Unemployed,37906,798,9249,14.18,12,1767,Approved,0.56,109.29
10204,Northeast,Self-Employed,91413,750,39518,11.95,24,2408,Defaulted,0.32,393.53
10205,West,Salaried,84028,742,23351,12.03,48,2531,Rejected,0.36,234.09
10206,Northeast,Self-Employed,37287,624,9088,10.58,12,2353,Approved,0.76,80.13
10207,West,Salaried,63660,616,20282,9.01,24,1328,Approved,0.25,152.28
10208,West,Self-Employed,105758,729,24330,11.27,24,427,Paid Off,0.05,228.5
10209,Midwest,Salaried,90504,739,47409,6.54,36,2565,Defaulted,0.34,258.38
10210,Northeast,Salaried,89720,700,26778,17.5,36,1687,Paid Off,0.23,390.51
10211,South,Salaried,132979,703,29264,14.29,12,1001,Paid Off,0.09,348.49
10212,South,Unemployed,64701,745,10075,17.38,36,1822,Approved,0.34,145.92
10213,Northeast,Self-Employed,113300,759,15412,7.95,24,2105,Approved,0.22,102.1
10214,South,Self-Employed,140177,604,33365,16.43,36,671,Approved,0.06,456.82
10215,South,Self-Employed,47674,555,12230,15.51,60,1279,Approved,0.32,158.07
10216,Northeast,Salaried,113560,712,16002,13.8,36,2872,Approved,0.3,184.02
10217,West,Self-Employed,141543,699,18947,13.13,24,2260,Approved,0.19,207.31
10218,Northeast,Self-Employed,53874,720,18686,9.12,12,1241,Approved,0.28,142.01
10219,West,Salaried,73642,692,34304,15.61,48,2941,Defaulted,0.48,446.24
10220,South,Business Owner,127820,635,18074,11.52,36,2360,Paid Off,0.22,173.51
10221,South,Salaried,95160,609,9493,5.92,24,428,Paid Off,0.05,46.83
10222,South,Self-Employed,47602,650,39228,9.07,48,370,Paid Off,0.09,296.5
10223,Midwest,Salaried,133320,793,19140,17.16,48,494,Approved,0.04,273.7
10224,West,Business Owner,118801,783,36655,16.06,60,388,Paid Off,0.04,490.57
10225,Midwest,Salaried,55931,561,48472,17.76,48,625,Approved,0.13,717.39
10226,Midwest,Self-Employed,124377,788,11816,13.16,24,1176,Paid Off,0.11,129.58
10227,Northeast,Business Owner,59192,598,16639,8.22,24,1302,Approved,0.26,113.98
10228,Midwest,Unemployed,76542,591,34492,7.12,36,2905,Defaulted,0.46,204.65
10229,Northeast,Self-Employed,72520,715,16240,7.43,36,1118,Approved,0.18,100.55
10230,Northeast,Business Owner,94772,631,37698,5.26,36,698,Approved,0.09,165.24
10231,Midwest,Business Owner,88762,722,31957,10.08,48,2021,Defaulted,0.27,268.44
10232,West,Unemployed,80106,584,37808,7.49,48,1065,Approved,0.16,235.98
10233,West,Salaried,111121,707,10827,10.35,60,1025,Paid Off,0.11,93.38
10234,West,Salaried,55559,765,37762,17.15,36,2058,Paid Off,0.44,539.68
10235,West,Self-Employed,135595,783,13259,10.6,12,2318,Paid Off,0.21,117.12
10236,West,Unemployed,63742,707,19849,16.41,60,2495,Defaulted,0.47,271.44
10237,Midwest,Salaried,99669,755,21232,12.87,12,345,Defaulted,0.04,227.71
10238,Midwest,Unemployed,110199,683,45572,8.21,48,1841,Approved,0.2,311.79
10239,South,Salaried,51754,616,29173,9.63,60,1519,Paid Off,0.35,234.11
10240,West,Business Owner,33972,629,10374,6.09,60,2829,Paid Off,1.0,52.65
10241,Midwest,Salaried,100831,556,26174,9.34,24,669,Paid Off,0.08,203.72
10242,South,Unemployed,142217,729,28567,13.81,48,392,Approved,0.03,328.76
10243,West,Business Owner,71873,563,40292,5.94,48,1291,Paid Off,0.22,199.45
10244,Northeast,Business Owner,124661,622,14277,7.67,60,2741,Defaulted,0.26,91.25
10245,South,Business Owner,136532,692,36600,9.96,48,251,Defaulted,0.02,303.78
10246,Midwest,Unemployed,39903,698,14885,17.77,60,2610,Approved,0.78,220.42
10247,Northeast,Self-Employed,33020,712,5778,15.2,24,2020,Approved,0.73,73.19
10248,Northeast,Self-Employed,71755,615,34165,14.54,60,2721,Approved,0.46,413.97
10249,Northeast,Self-Employed,115956,640,6492,6.51,48,2069,Paid Off,0.21,35.22
10250,South,Unemployed,116988,679,35462,15.15,48,2768,Paid Off,0.28,447.71
10251,Midwest,Business Owner,75648,712,18615,15.21,60,1986,Approved,0.32,235.95
10252,Northeast,Self-Employed,133537,759,49900,12.81,60,1654,Approved,0.15,532.68
10253,West,Unemployed,39516,755,47946,17.87,60,2067,Approved,0.63,714.0
10254,Northeast,Self-Employed,142863,569,12851,9.23,36,2938,Approved,0.25,98.85
10255,Northeast,Salaried,145005,759,21288,17.24,48,2779,Defaulted,0.23,305.84
10256,South,Self-Employed,32396,559,12156,16.89,48,2207,Paid Off,0.82,171.1
10257,South,Self-Employed,114082,574,7044,5.15,36,1634,Approved,0.17,30.23
10258,Midwest,Business Owner,49129,743,12368,10.85,60,1039,Rejected,0.25,111.83
10259,West,Unemployed,31591,574,24900,17.7,24,440,Approved,0.17,367.28
10260,South,Business Owner,41303,603,35600,6.34,60,735,Defaulted,0.21,188.09
10261,Northeast,Business Owner,60561,582,30634,12.12,60,1607,Approved,0.32,309.4
10262,Midwest,Business Owner,101719,713,14168,17.73,36,282,Approved,0.03,209.33
10263,Northeast,Business Owner,148618,644,25961,12.22,48,1181,Approved,0.1,264.37
10264,Northeast,Business Owner,122108,563,49096,7.47,60,1150,Paid Off,0.11,305.62
10265,South,Self-Employed,129616,614,28852,12.57,48,810,Paid Off,0.07,302.22
10266,Midwest,Business Owner,116231,659,38110,7.66,12,773,Paid Off,0.08,243.27
10267,West,Business Owner,37314,629,37174,11.76,48,2533,Approved,0.81,364.31
10268,West,Unemployed,147071,603,39215,5.96,24,1188,Approved,0.1,194.77
10269,South,Salaried,49623,787,31955,12.87,24,658,Approved,0.16,342.72
10270,South,Self-Employed,97675,674,11581,11.72,60,2373,Paid Off,0.29,113.11
10271,Midwest,Self-Employed,142992,729,49619,14.62,48,1722,Approved,0.14,604.52
10272,West,Self-Employed,126826,680,11317,13.2,60,2672,Rejected,0.25,124.49
10273,West,Business Owner,95082,776,47856,12.14,36,2801,Defaulted,0.35,484.14
10274,West,Business Owner,113624,718,31649,13.97,24,2857,Defaulted,0.3,368.45
10275,Northeast,Business Owner,135228,683,28132,6.87,60,2184,Approved,0.19,161.06
10276,West,Unemployed,63130,574,21789,12.74,36,1766,Approved,0.34,231.33
10277,Northeast,Salaried,81756,690,19567,7.24,60,2359,Approved,0.35,118.05
10278,Midwest,Business Owner,127624,666,19868,17.03,48,2649,Paid Off,0.25,281.96
10279,Northeast,Salaried,56292,775,29370,5.89,48,321,Paid Off,0.07,144.16
10280,Midwest,Unemployed,141785,685,47533,10.59,48,472,Approved,0.04,419.48
10281,West,Self-Employed,116206,698,35483,14.05,48,1517,Approved,0.16,415.45
10282,West,Business Owner,99274,775,17466,10.95,12,597,Paid Off,0.07,159.38
10283,Midwest,Salaried,32469,745,33803,6.2,36,2718,Defaulted,1.0,174.65
10284,South,Salaried,83947,574,23230,12.19,36,1184,Approved,0.17,235.98
10285,Midwest,Business Owner,52534,628,22862,13.34,48,1430,Rejected,0.33,254.15
10286,South,Self-Employed,93620,617,48355,14.15,12,1333,Approved,0.17,570.19
10287,Northeast,Self-Employed,78874,722,36259,9.85,48,1501,Approved,0.23,297.63
10288,Northeast,Self-Employed,79708,737,38539,12.33,12,2110,Defaulted,0.32,395.99
10289,Northeast,Unemployed,104553,561,26909,10.86,48,2816,Paid Off,0.32,243.53
10290,West,Salaried,98344,581,35795,13.74,24,1705,Paid Off,0.21,409.85
10291,Northeast,Salaried,79138,677,13770,12.59,24,2116,Approved,0.32,144.47
10292,South,Salaried,84302,645,16093,11.83,60,1019,Paid Off,0.15,158.65
10293,Northeast,Unemployed,77638,641,5193,8.24,48,2957,Approved,0.46,35.66
10294,Midwest,Salaried,108249,690,39775,5.03,36,2156,Approved,0.24,166.72
10295,Midwest,Unemployed,135865,580,22569,7.26,60,2568,Rejected,0.23,136.54
10296,West,Self-Employed,32719,627,16190,6.52,24,378,Approved,0.14,87.97
10297,Midwest,Business Owner,52890,569,47752,10.84,48,1096,Paid Off,0.25,431.36
10298,South,Salaried,107236,695,37327,12.96,60,2466,Rejected,0.28,403.13
10299,Northeast,Salaried,66509,770,47070,7.77,48,2172,Approved,0.39,304.78
10300,West,Self-Employed,72534,609,25389,17.21,24,1751,Approved,0.29,364.12
10301,Northeast,Business Owner,132302,740,45197,5.09,60,691,Approved,0.06,191.71
10302,Northeast,Unemployed,122241,683,7261,15.04,24,260,Approved,0.03,91.0
10303,South,Business Owner,48787,709,33369,13.13,12,1277,Rejected,0.31,365.11
10304,Midwest,Self-Employed,78845,642,31512,9.86,24,1903,Paid Off,0.29,258.92
10305,Midwest,Self-Employed,87932,592,11716,5.66,48,2785,Approved,0.38,55.26
10306,Northeast,Business Owner,122124,679,26259,13.16,36,264,Approved,0.03,287.97
10307,West,Unemployed,121659,609,33933,10.01,24,785,Rejected,0.08,283.06
10308,Midwest,Unemployed,63062,700,46689,17.17,36,1927,Paid Off,0.37,668.04
10309,West,Salaried,105713,760,9378,12.05,12,2418,Approved,0.27,94.17
10310,Midwest,Unemployed,117263,580,45583,17.22,60,734,Approved,0.08,654.12
10311,West,Business Owner,125756,792,24835,7.87,60,2940,Rejected,0.28,162.88
10312,South,Self-Employed,90461,554,34033,14.43,36,2355,Approved,0.31,409.25
10313,West,Salaried,105418,760,29000,13.02,60,2070,Approved,0.24,314.65
10314,South,Salaried,96672,711,15332,14.61,24,1204,Paid Off,0.15,186.67
10315,South,Self-Employed,64832,559,47604,7.79,36,2699,Paid Off,0.5,309.03
10316,West,Unemployed,61966,638,7800,13.64,48,1429,Rejected,0.28,88.66
10317,South,Self-Employed,102545,679,34538,11.47,24,2837,Paid Off,0.33,330.13
10318,Northeast,Unemployed,42987,675,35119,14.66,24,1239,Paid Off,0.35,429.04
10319,South,Self-Employed,67311,560,13333,9.25,24,526,Approved,0.09,102.78
10320,Midwest,Business Owner,61575,727,10410,16.57,48,807,Approved,0.16,143.74
10321,West,Unemployed,93852,708,22839,6.1,12,2906,Approved,0.37,116.1
10322,Northeast,Business Owner,31007,605,35519,15.49,60,201,Approved,0.08,458.49
10323,West,Salaried,100981,756,10808,16.2,36,1233,Paid Off,0.15,145.91
10324,Midwest,Self-Employed,106242,750,11796,15.62,12,2681,Defaulted,0.3,153.54
10325,Midwest,Salaried,77517,764,26180,11.67,36,324,Defaulted,0.05,254.6
10326,Midwest,Salaried,140022,632,48056,10.7,60,1304,Paid Off,0.11,428.5
10327,South,Salaried,59257,686,22709,17.95,48,2732,Approved,0.55,339.69
10328,South,Salaried,117272,648,22543,7.98,24,2899,Approved,0.3,149.91
10329,West,Self-Employed,72207,698,42418,12.11,24,2061,Paid Off,0.34,428.07
10330,West,Salaried,43281,622,34075,13.72,48,1373,Rejected,0.38,389.59
10331,Northeast,Self-Employed,91246,705,42755,14.11,12,328,Paid Off,0.04,502.73
10332,Northeast,Self-Employed,31435,739,42465,7.65,12,637,Paid Off,0.24,270.71
10333,West,Business Owner,128875,787,35502,13.5,36,950,Paid Off,0.09,399.4
10334,South,Unemployed,130686,664,21724,15.64,48,2748,Paid Off,0.25,283.14
10335,Midwest,Unemployed,121357,556,8828,5.65,12,1421,Approved,0.14,41.57
10336,West,Self-Employed,56660,629,22087,16.85,48,2458,Paid Off,0.52,310.14
10337,Northeast,Business Owner,35084,693,17605,5.38,60,1101,Defaulted,0.38,78.93
10338,South,Self-Employed,112197,646,36337,9.63,24,2292,Approved,0.25,291.6
10339,West,Self-Employed,43507,553,10482,5.21,24,1502,Paid Off,0.41,45.51
10340,West,Self-Employed,102595,553,32005,6.0,24,2782,Approved,0.33,160.02
10341,South,Business Owner,113807,652,27760,16.85,48,1633,Defaulted,0.17,389.8
10342,West,Unemployed,75539,589,10463,9.61,48,2708,Approved,0.43,83.79
10343,South,Business Owner,145953,566,9912,10.52,36,590,Rejected,0.05,86.9
10344,Midwest,Salaried,37491,650,9648,7.8,24,1267,Approved,0.41,62.71
10345,South,Business Owner,142831,652,38623,12.76,36,226,Paid Off,0.02,410.69
10346,South,Business Owner,80192,673,40634,12.73,24,747,Approved,0.11,431.06
10347,South,Business Owner,110395,601,49602,9.84,36,2868,Approved,0.31,406.74
10348,West,Business Owner,93888,770,8112,9.33,36,766,Approved,0.1,63.07
10349,West,Unemployed,103609,601,27054,16.5,60,903,Defaulted,0.1,371.99
10350,South,Salaried,39077,713,9492,9.98,36,1442,Approved,0.44,78.94
10351,West,Unemployed,147440,673,27207,11.42,48,384,Approved,0.03,258.92
10352,Northeast,Unemployed,50953,715,20114,8.68,36,1790,Paid Off,0.42,145.49
10353,Northeast,Business Owner,106919,780,39285,15.23,24,2113,Rejected,0.24,498.59
10354,West,Self-Employed,144682,727,21018,10.17,36,1047,Defaulted,0.09,178.13
10355,West,Self-Employed,97889,612,26386,11.68,12,798,Approved,0.1,256.82
10356,South,Unemployed,53821,778,22740,8.29,24,1005,Paid Off,0.22,157.1
10357,Midwest,Unemployed,67567,665,49199,17.84,12,1557,Approved,0.28,731.43
10358,West,Business Owner,145374,740,13210,8.79,24,2326,Approved,0.19,96.76
10359,Northeast,Unemployed,54860,611,49363,15.02,48,2826,Paid Off,0.62,617.86
10360,South,Business Owner,51195,776,17743,10.56,48,2078,Rejected,0.49,156.14
10361,West,Self-Employed,107475,556,47092,7.68,48,2660,Paid Off,0.3,301.39
10362,Northeast,Self-Employed,120874,704,49299,15.4,12,745,Approved,0.07,632.67
10363,Northeast,Salaried,117266,641,11588,9.34,60,1832,Approved,0.19,90.19
10364,Midwest,Self-Employed,51427,763,8311,16.25,24,2416,Approved,0.56,112.54
10365,South,Unemployed,130732,563,27432,16.9,48,2928,Defaulted,0.27,386.33
10366,South,Self-Employed,57083,748,38755,16.18,24,2830,Approved,0.59,522.55
10367,Midwest,Business Owner,117046,778,8321,5.46,12,2762,Approved,0.28,37.86
10368,Midwest,Self-Employed,87372,635,20812,15.24,60,2279,Approved,0.31,264.31
10369,South,Salaried,74064,682,42383,10.35,12,2534,Rejected,0.41,365.55
10370,South,Self-Employed,37813,732,18146,16.36,24,2841,Approved,0.9,247.39
10371,West,Business Owner,61598,679,18654,13.29,60,2126,Defaulted,0.41,206.59
10372,West,Business Owner,142718,611,40820,15.84,60,816,Approved,0.07,538.82
10373,Midwest,Unemployed,123106,768,5726,11.49,12,2517,Defaulted,0.25,54.83
10374,West,Self-Employed,57082,698,8760,11.96,48,1403,Approved,0.29,87.31
10375,Northeast,Business Owner,59241,795,27190,6.88,24,1959,Paid Off,0.4,155.89
10376,West,Salaried,126214,779,6875,15.19,36,2765,Defaulted,0.26,87.03
10377,West,Unemployed,74569,628,28377,10.45,36,2830,Approved,0.46,247.12
10378,Northeast,Salaried,41745,698,9033,11.5,12,425,Defaulted,0.12,86.57
10379,Midwest,Self-Employed,56029,687,43211,15.21,24,869,Approved,0.19,547.7
10380,Northeast,Self-Employed,43025,764,22373,12.78,24,1963,Defaulted,0.55,238.27
10381,West,Self-Employed,131660,607,8744,7.61,12,1116,Paid Off,0.1,55.45
10382,Midwest,Unemployed,44288,669,29995,12.67,24,2373,Approved,0.64,316.7
10383,West,Business Owner,119186,716,21977,10.3,48,2321,Approved,0.23,188.64
10384,Northeast,Unemployed,36540,682,37402,11.1,12,1414,Approved,0.46,345.97
10385,Northeast,Salaried,127768,614,39542,5.37,48,1905,Approved,0.18,176.95
10386,West,Unemployed,111958,562,15651,7.73,24,2042,Approved,0.22,100.82
10387,South,Salaried,98878,762,38703,8.65,12,2183,Approved,0.26,278.98
10388,South,Unemployed,71846,767,18395,14.27,24,255,Approved,0.04,218.75
10389,Northeast,Business Owner,131148,791,34808,5.15,12,919,Paid Off,0.08,149.38
10390,Northeast,Salaried,105932,786,41576,10.31,24,2800,Approved,0.32,357.21
10391,South,Self-Employed,47482,762,21715,17.01,48,2279,Approved,0.58,307.81
10392,South,Self-Employed,53411,730,49409,6.45,48,773,Paid Off,0.17,265.57
10393,West,Unemployed,80975,631,29306,11.71,24,866,Approved,0.13,285.98
10394,West,Self-Employed,90545,778,24086,15.22,12,483,Approved,0.06,305.49
10395,South,Salaried,142302,722,19376,17.25,36,1944,Approved,0.16,278.53
10396,West,Self-Employed,108797,709,10889,14.71,48,2434,Defaulted,0.27,133.48
10397,West,Business Owner,82307,713,42822,14.37,48,697,Paid Off,0.1,512.79
10398,Midwest,Business Owner,33093,758,41636,15.74,36,1665,Approved,0.6,546.13
10399,West,Unemployed,107258,776,25584,10.8,24,329,Paid Off,0.04,230.26
10400,Northeast,Salaried,52042,790,39610,15.48,12,838,Rejected,0.19,510.97
10401,West,Business Owner,82930,737,15058,5.1,24,2361,Paid Off,0.34,64.0
10402,West,Business Owner,147584,688,14101,17.02,60,2260,Paid Off,0.18,200.0
10403,South,Salaried,74413,740,17497,10.76,48,2691,Paid Off,0.43,156.89
10404,Northeast,Self-Employed,143387,698,9658,12.19,60,2694,Approved,0.23,98.11
10405,West,Self-Employed,123623,601,16381,8.31,48,1185,Approved,0.12,113.44
10406,West,Unemployed,127883,732,45312,14.65,48,1192,Approved,0.11,553.18
10407,Midwest,Self-Employed,63756,666,45486,6.0,60,2962,Defaulted,0.56,227.43
10408,West,Salaried,83268,575,22154,16.34,60,2321,Rejected,0.33,301.66
10409,West,Business Owner,69214,745,24539,15.77,24,2784,Paid Off,0.48,322.48
10410,Midwest,Self-Employed,111871,583,16777,7.81,60,300,Defaulted,0.03,109.19
10411,South,Unemployed,58602,601,39396,15.52,24,2423,Approved,0.5,509.52
10412,West,Self-Employed,83331,661,35373,15.22,24,626,Paid Off,0.09,448.65
10413,Midwest,Salaried,78901,631,38154,13.22,24,240,Paid Off,0.04,420.33
10414,Northeast,Unemployed,129986,781,11031,9.86,48,628,Defaulted,0.06,90.64
10415,South,Self-Employed,93416,776,32997,8.53,48,543,Defaulted,0.07,234.55
10416,Northeast,Unemployed,62196,782,11439,8.01,60,565,Paid Off,0.11,76.36
10417,Northeast,Salaried,35626,770,27785,9.14,48,808,Approved,0.27,211.63
10418,Midwest,Business Owner,37424,729,18392,16.75,60,2904,Paid Off,0.93,256.72
10419,West,Salaried,42857,706,33669,6.01,48,927,Approved,0.26,168.63
10420,Midwest,Salaried,140459,715,33939,15.78,12,2476,Paid Off,0.21,446.3
10421,Midwest,Salaried,145621,591,7282,9.54,12,1024,Defaulted,0.08,57.89
10422,Midwest,Salaried,49982,570,39624,11.78,60,1575,Approved,0.38,388.98
10423,Midwest,Business Owner,106961,591,29364,15.33,48,1088,Paid Off,0.12,375.13
10424,South,Business Owner,31980,690,6998,16.5,48,2243,Approved,0.84,96.22
10425,West,Unemployed,78290,662,36705,9.48,24,1541,Approved,0.24,289.97
10426,Northeast,Self-Employed,56431,654,43244,11.0,36,1496,Approved,0.32,396.4
10427,Northeast,Business Owner,114976,741,14428,10.39,60,316,Paid Off,0.03,124.92
10428,West,Business Owner,137288,566,42437,5.17,36,2615,Defaulted,0.23,182.83
10429,Northeast,Self-Employed,112711,669,17336,8.85,36,1317,Defaulted,0.14,127.85
10430,West,Business Owner,144187,686,14342,10.97,60,367,Approved,0.03,131.11
10431,Northeast,Salaried,56385,718,44832,10.34,48,1938,Defaulted,0.41,386.3
10432,Midwest,Salaried,68158,678,12446,14.39,60,1564,Paid Off,0.28,149.25
10433,Northeast,Self-Employed,53019,679,43392,10.0,36,2908,Approved,0.66,361.6
10434,West,Unemployed,48639,609,12461,11.36,48,894,Approved,0.22,117.96
10435,West,Unemployed,115530,597,39587,10.58,12,1124,Approved,0.12,349.03
10436,West,Self-Employed,129911,578,15516,14.63,60,351,Defaulted,0.03,189.17
10437,West,Self-Employed,51563,646,18749,16.22,60,785,Paid Off,0.18,253.42
10438,West,Salaried,69341,559,22514,11.91,48,1112,Paid Off,0.19,223.45
10439,South,Unemployed,145672,791,40426,15.26,12,2521,Approved,0.21,514.08
10440,South,Business Owner,35776,607,41268,8.86,12,1777,Paid Off,0.6,304.7
10441,Northeast,Salaried,66444,737,29950,12.04,48,695,Approved,0.13,300.5
10442,West,Self-Employed,98916,781,39888,9.49,24,2348,Approved,0.28,315.45
10443,Northeast,Unemployed,38711,570,41788,10.38,60,756,Paid Off,0.23,361.47
10444,West,Business Owner,104318,577,15213,14.52,60,1305,Approved,0.15,184.08
10445,West,Business Owner,112970,752,41027,16.46,36,1752,Paid Off,0.19,562.75
10446,South,Salaried,142301,796,33011,6.58,48,2320,Approved,0.2,181.01
10447,South,Unemployed,115553,583,47849,13.25,36,356,Paid Off,0.04,528.33
10448,Midwest,Unemployed,60707,557,39591,12.57,36,934,Approved,0.18,414.72
10449,South,Self-Employed,69110,736,22858,6.54,12,2379,Rejected,0.41,124.58
10450,Midwest,Unemployed,91788,763,23626,7.75,60,1627,Approved,0.21,152.58
10451,Midwest,Unemployed,112879,749,18467,9.04,36,758,Approved,0.08,139.12
10452,Midwest,Salaried,68827,726,44758,7.17,12,2354,Defaulted,0.41,267.43
10453,Midwest,Unemployed,137188,628,8134,8.17,48,2512,Approved,0.22,55.38
10454,Midwest,Business Owner,35655,694,21743,8.48,36,354,Paid Off,0.12,153.65
10455,Northeast,Salaried,74859,737,20434,9.36,60,1196,Defaulted,0.19,159.39
10456,South,Salaried,83625,636,15233,14.74,36,2494,Approved,0.36,187.11
10457,Midwest,Self-Employed,82098,637,6141,12.43,48,730,Approved,0.11,63.61
10458,West,Unemployed,45251,722,23019,17.82,36,2171,Paid Off,0.58,341.83
10459,South,Self-Employed,30526,760,25384,10.39,60,2785,Defaulted,1.09,219.78
10460,South,Business Owner,98760,618,47903,14.8,12,928,Defaulted,0.11,590.8
10461,Midwest,Salaried,77837,709,41129,16.33,60,1377,Rejected,0.21,559.7
10462,Northeast,Salaried,41536,721,27967,13.83,12,353,Paid Off,0.1,322.32
10463,Midwest,Salaried,58541,742,45603,10.35,24,291,Approved,0.06,393.33
10464,Northeast,Business Owner,109083,636,16172,14.8,60,2585,Defaulted,0.28,199.45
10465,West,Business Owner,81027,650,21390,7.65,60,1703,Defaulted,0.25,136.36
10466,South,Self-Employed,64531,557,8267,9.26,48,1916,Approved,0.36,63.79
10467,West,Self-Employed,38712,626,44332,12.11,36,2697,Approved,0.84,447.38
10468,Northeast,Self-Employed,134101,749,31167,12.48,12,2216,Approved,0.2,324.14
10469,Northeast,Unemployed,95455,798,26312,5.29,12,986,Approved,0.12,115.99
10470,West,Salaried,104744,636,32840,17.29,48,472,Paid Off,0.05,473.17
10471,Northeast,Salaried,35109,592,23990,14.06,48,2227,Approved,0.76,281.08
10472,West,Self-Employed,79268,678,49179,11.44,36,2835,Approved,0.43,468.84
10473,South,Salaried,130737,658,10906,17.13,36,376,Approved,0.03,155.68
10474,West,Self-Employed,84615,728,45379,10.71,60,842,Defaulted,0.12,405.01
10475,South,Unemployed,112503,701,22297,17.75,24,2098,Paid Off,0.22,329.81
10476,West,Unemployed,59759,776,7011,11.66,36,766,Approved,0.15,68.12
10477,Northeast,Business Owner,115708,701,49014,6.49,48,865,Approved,0.09,265.08
10478,West,Unemployed,90112,566,16738,14.94,36,1531,Defaulted,0.2,208.39
10479,Northeast,Self-Employed,132471,682,33797,13.83,12,1998,Paid Off,0.18,389.51
10480,West,Unemployed,56589,697,16120,15.05,24,1269,Approved,0.27,202.17
10481,West,Business Owner,60015,570,13767,17.37,60,2549,Approved,0.51,199.28
10482,Midwest,Salaried,59009,781,27852,15.09,12,607,Approved,0.12,350.24
10483,Northeast,Self-Employed,113309,607,18703,12.95,12,1412,Approved,0.15,201.84
10484,Midwest,Salaried,92046,708,5929,16.15,24,2053,Rejected,0.27,79.79
10485,Northeast,Business Owner,136661,659,16951,13.75,60,1352,Defaulted,0.12,194.23
10486,Midwest,Business Owner,56143,777,31039,10.31,48,2808,Approved,0.6,266.68
10487,South,Business Owner,36154,688,34504,16.51,60,1341,Paid Off,0.45,474.72
10488,West,Salaried,51804,729,22438,7.88,36,2711,Approved,0.63,147.34
10489,Northeast,Salaried,71688,692,10744,14.29,12,343,Paid Off,0.06,127.94
10490,Northeast,Salaried,94288,760,23284,16.46,36,2689,Paid Off,0.34,319.38
10491,West,Salaried,81195,684,47417,14.51,48,686,Approved,0.1,573.35
10492,Northeast,Business Owner,50581,792,44748,14.06,36,1059,Approved,0.25,524.3
10493,Northeast,Business Owner,82648,577,12069,14.78,60,2135,Paid Off,0.31,148.65
10494,Midwest,Self-Employed,60087,600,47359,11.05,36,347,Approved,0.07,436.1
10495,Northeast,Self-Employed,79930,784,24799,16.36,48,1559,Approved,0.23,338.09
10496,South,Salaried,62981,735,38210,7.64,48,1557,Rejected,0.3,243.27
10497,South,Unemployed,99298,554,33226,6.66,48,2913,Defaulted,0.35,184.4
10498,West,Unemployed,76167,554,9652,8.71,60,289,Approved,0.05,70.06
10499,Northeast,Business Owner,105304,643,29323,11.91,48,1557,Paid Off,0.18,291.03
10500,West,Business Owner,73408,795,47138,11.64,12,398,Approved,0.07,457.24
10501,South,Business Owner,69499,645,12597,15.67,48,737,Paid Off,0.13,164.5
10502,Northeast,Self-Employed,82269,557,42226,10.26,36,500,Rejected,0.07,361.03
10503,Northeast,Self-Employed,68559,613,11591,11.3,36,923,Defaulted,0.16,109.15
10504,West,Business Owner,144126,687,30833,5.17,36,1798,Approved,0.15,132.84
10505,South,Business Owner,104319,587,16826,10.33,60,1659,Paid Off,0.19,144.84
10506,Northeast,Business Owner,141925,660,31417,13.42,36,267,Paid Off,0.02,351.35
10507,West,Unemployed,125317,773,23693,5.2,60,2706,Approved,0.26,102.67
10508,South,Self-Employed,126347,661,19138,8.65,60,1737,Approved,0.16,137.95
10509,West,Unemployed,78787,769,7169,7.7,48,597,Approved,0.09,46.0
10510,Midwest,Unemployed,65488,630,23556,5.55,12,819,Approved,0.15,108.95
10511,Northeast,Business Owner,104441,772,27052,11.23,48,1784,Defaulted,0.2,253.16
10512,Midwest,Business Owner,104663,685,11313,7.36,48,1363,Approved,0.16,69.39
10513,South,Salaried,52431,653,13315,14.66,60,929,Approved,0.21,162.66
10514,Midwest,Salaried,91681,702,13036,16.02,60,755,Paid Off,0.1,174.03
10515,Midwest,Unemployed,93483,622,36778,12.09,36,2152,Approved,0.28,370.54
10516,South,Self-Employed,79153,743,32734,17.76,36,1951,Rejected,0.3,484.46
10517,West,Business Owner,36368,756,28173,10.86,48,2857,Approved,0.94,254.97
10518,Midwest,Business Owner,57424,727,35403,11.67,24,2995,Defaulted,0.63,344.29
10519,West,Unemployed,142360,744,5785,17.86,24,2529,Defaulted,0.21,86.1
10520,Midwest,Salaried,75004,598,11139,8.01,36,2908,Defaulted,0.47,74.35
10521,West,Self-Employed,113869,585,11344,17.25,24,1195,Approved,0.13,163.07
10522,South,Salaried,118652,675,23800,5.56,36,2159,Paid Off,0.22,110.27
10523,Midwest,Salaried,142755,617,30372,10.8,60,1801,Approved,0.15,273.35
10524,South,Salaried,86985,627,25538,5.91,48,2993,Approved,0.41,125.77
10525,Midwest,Salaried,80069,654,19973,14.48,12,1680,Approved,0.25,241.01
10526,South,Business Owner,82326,718,10619,12.91,48,2334,Rejected,0.34,114.24
10527,South,Business Owner,138737,766,39704,14.19,36,1302,Approved,0.11,469.5
10528,Midwest,Salaried,111061,671,41575,9.87,36,2551,Rejected,0.28,341.95
10529,Midwest,Self-Employed,53398,668,44919,9.8,48,1603,Approved,0.36,366.84
10530,Midwest,Unemployed,128393,739,47261,5.59,36,2377,Approved,0.22,220.16
10531,Northeast,Self-Employed,80861,663,32716,9.55,24,2843,Paid Off,0.42,260.36
10532,West,Self-Employed,105897,559,8236,17.08,24,1499,Approved,0.17,117.23
10533,Northeast,Self-Employed,111905,698,20848,9.93,36,1922,Paid Off,0.21,172.52
10534,Northeast,Salaried,98577,713,7352,15.81,36,2805,Approved,0.34,96.86
10535,South,Business Owner,95641,689,6932,15.95,24,1098,Paid Off,0.14,92.14
10536,Midwest,Self-Employed,39078,640,15913,9.85,36,1406,Rejected,0.43,130.62
10537,West,Salaried,55003,781,13556,13.22,36,1735,Approved,0.38,149.34
10538,South,Self-Employed,92768,551,26300,6.24,48,277,Approved,0.04,136.76
10539,Northeast,Self-Employed,81047,667,10498,6.35,12,2921,Paid Off,0.43,55.55
10540,Midwest,Salaried,101626,562,15582,5.63,24,1732,Paid Off,0.2,73.11
10541,South,Business Owner,87660,730,14569,12.55,48,437,Approved,0.06,152.37
10542,Midwest,Business Owner,134386,709,9857,10.54,12,1357,Approved,0.12,86.58
10543,South,Unemployed,79786,644,5340,12.12,36,2196,Defaulted,0.33,53.93
10544,Midwest,Salaried,31925,693,48949,11.77,36,1415,Paid Off,0.53,480.11
10545,Northeast,Unemployed,113976,581,21766,9.55,48,477,Approved,0.05,173.22
10546,West,Unemployed,135221,581,31132,13.81,36,723,Approved,0.06,358.28
10547,Northeast,Unemployed,147832,673,13491,14.86,60,379,Approved,0.03,167.06
10548,West,Business Owner,56015,775,5138,5.19,48,322,Paid Off,0.07,22.22
10549,Midwest,Salaried,63320,560,5358,7.69,12,1469,Approved,0.28,34.34
10550,South,Unemployed,94881,559,14714,14.27,48,1957,Defaulted,0.25,174.97
10551,Northeast,Salaried,120827,564,24840,10.03,24,1294,Approved,0.13,207.62
10552,West,Salaried,132215,566,39395,13.61,48,679,Approved,0.06,446.8
10553,Northeast,Business Owner,56289,717,35654,9.51,36,1997,Rejected,0.43,282.56
10554,West,Unemployed,33389,695,30879,10.08,36,2331,Defaulted,0.84,259.38
10555,Northeast,Unemployed,55683,732,20996,7.06,60,2812,Paid Off,0.61,123.53
10556,West,Salaried,43629,750,42772,8.36,60,2866,Approved,0.79,297.98
10557,West,Self-Employed,91550,702,31762,12.87,60,2604,Paid Off,0.34,340.65
10558,Midwest,Business Owner,54826,781,18283,10.63,12,1015,Rejected,0.22,161.96
10559,West,Business Owner,130734,608,44420,15.07,60,2894,Approved,0.27,557.84
10560,Midwest,Business Owner,56630,627,24554,16.08,12,642,Approved,0.14,329.02
10561,West,Business Owner,128762,673,25219,12.04,60,2770,Approved,0.26,253.03
10562,South,Unemployed,76163,799,39919,14.86,12,342,Approved,0.05,494.33
10563,South,Unemployed,128511,766,14429,8.99,48,391,Defaulted,0.04,108.1
10564,South,Self-Employed,96435,663,49695,10.39,48,1610,Approved,0.2,430.28
10565,West,Business Owner,41653,571,44673,14.27,36,577,Defaulted,0.17,531.24
10566,Midwest,Business Owner,57961,793,24218,10.02,12,2828,Rejected,0.59,202.22
10567,Midwest,Salaried,111941,707,17452,12.65,24,734,Paid Off,0.08,183.97
10568,West,Unemployed,104137,761,23951,7.41,36,1916,Rejected,0.22,147.9
10569,South,Business Owner,63662,762,6307,12.8,48,1232,Approved,0.23,67.27
10570,South,Self-Employed,128818,721,19852,16.2,12,1610,Approved,0.15,268.0
10571,Midwest,Self-Employed,86446,581,30232,16.29,60,2340,Approved,0.32,410.4
10572,South,Unemployed,51288,728,40428,14.42,24,2189,Paid Off,0.51,485.81
10573,Northeast,Self-Employed,125081,723,48171,14.69,48,2776,Approved,0.27,589.69
10574,Midwest,Self-Employed,66877,662,31485,12.25,36,1377,Paid Off,0.25,321.41
10575,South,Unemployed,141562,669,15238,12.6,12,604,Approved,0.05,160.0
10576,Midwest,Business Owner,45313,698,43975,6.74,24,1372,Approved,0.36,246.99
10577,Northeast,Business Owner,110885,776,6140,10.77,12,1088,Approved,0.12,55.11
10578,Midwest,Self-Employed,102715,671,29842,10.86,60,621,Defaulted,0.07,270.07
10579,Midwest,Self-Employed,40326,581,31421,17.46,36,1841,Paid Off,0.55,457.18
10580,Midwest,Business Owner,140091,771,6708,10.6,12,671,Approved,0.06,59.25
10581,Midwest,Unemployed,31560,668,8630,12.14,48,746,Rejected,0.28,87.31
10582,Northeast,Self-Employed,109148,588,24595,11.93,36,830,Approved,0.09,244.52
10583,West,Salaried,113186,790,15485,13.28,48,1237,Defaulted,0.13,171.37
10584,Midwest,Unemployed,56745,561,33308,14.73,12,2029,Paid Off,0.43,408.86
10585,Midwest,Self-Employed,61890,782,49789,7.93,36,563,Approved,0.11,329.02
10586,South,Self-Employed,50022,724,31086,11.87,48,2366,Rejected,0.57,307.49
10587,Midwest,Salaried,82579,567,21859,15.74,60,745,Approved,0.11,286.72
10588,South,Salaried,100316,698,12684,11.02,60,2769,Defaulted,0.33,116.48
10589,West,Business Owner,113847,690,30552,8.62,12,833,Approved,0.09,219.47
10590,Northeast,Unemployed,58380,698,6207,13.51,36,2136,Paid Off,0.44,69.88
10591,Northeast,Unemployed,140198,675,6960,15.71,24,1880,Approved,0.16,91.12
10592,West,Business Owner,32356,685,5557,5.82,36,1162,Paid Off,0.43,26.95
10593,Northeast,Unemployed,100326,595,34689,15.1,60,1082,Paid Off,0.13,436.5
10594,West,Unemployed,122447,653,18893,15.68,48,1070,Paid Off,0.1,246.87
10595,West,Unemployed,144994,787,37272,11.0,24,715,Paid Off,0.06,341.66
10596,West,Unemployed,119899,684,5882,17.78,12,1620,Defaulted,0.16,87.15
10597,Northeast,Unemployed,50049,700,42529,15.23,24,1065,Approved,0.26,539.76
10598,South,Salaried,105717,785,43635,15.06,12,2353,Approved,0.27,547.62
10599,West,Unemployed,135361,773,34535,14.72,24,1308,Approved,0.12,423.63
10600,Midwest,Salaried,46082,752,17869,6.96,12,413,Defaulted,0.11,103.64
10601,Northeast,Unemployed,30661,635,12166,7.82,12,2444,Approved,0.96,79.28
10602,West,Business Owner,67412,699,17982,11.03,24,218,Paid Off,0.04,165.28
10603,West,Self-Employed,144015,784,45697,8.43,24,841,Paid Off,0.07,321.02
10604,Midwest,Salaried,32920,638,43115,10.4,12,1304,Approved,0.48,373.66
10605,South,Unemployed,121194,571,12269,16.55,60,529,Approved,0.05,169.21
10606,South,Business Owner,144306,641,33064,15.72,24,1065,Approved,0.09,433.14
10607,South,Self-Employed,90315,578,18527,13.19,36,973,Approved,0.13,203.64
10608,West,Salaried,109561,562,7454,16.16,48,591,Approved,0.06,100.38
10609,West,Self-Employed,38946,759,25878,15.19,12,836,Approved,0.26,327.57
10610,West,Business Owner,124242,551,17991,10.58,12,2554,Defaulted,0.25,158.62
10611,Northeast,Salaried,75500,578,7808,7.61,48,2899,Defaulted,0.46,49.52
10612,Midwest,Self-Employed,134540,762,44410,11.68,60,1225,Approved,0.11,432.26
10613,West,Unemployed,46309,756,41593,14.57,48,2767,Approved,0.72,505.01
10614,Midwest,Salaried,85230,729,41304,10.67,24,1874,Approved,0.26,367.26
10615,Midwest,Self-Employed,141822,576,35386,13.67,48,2883,Paid Off,0.24,403.11
10616,South,Business Owner,128656,599,8802,6.23,12,939,Paid Off,0.09,45.7
10617,Northeast,Business Owner,60027,644,33753,14.72,48,1745,Approved,0.35,414.04
10618,West,Salaried,102541,756,26083,15.57,36,668,Approved,0.08,338.43
10619,South,Self-Employed,142340,792,23354,14.19,24,2459,Paid Off,0.21,276.16
10620,South,Salaried,144846,700,27190,17.57,48,1335,Paid Off,0.11,398.11
10621,West,Salaried,89321,637,11142,15.75,12,1231,Approved,0.17,146.24
10622,Midwest,Self-Employed,30956,593,33398,16.74,24,2724,Paid Off,1.06,465.9
10623,South,Self-Employed,130375,754,46862,17.14,12,1073,Approved,0.1,669.35
10624,Midwest,Unemployed,104131,571,38132,15.42,60,659,Approved,0.08,490.0
10625,Northeast,Self-Employed,77908,720,24503,13.77,36,2500,Paid Off,0.39,281.17
10626,Midwest,Business Owner,108339,714,39631,5.07,60,1749,Paid Off,0.19,167.44
10627,Northeast,Salaried,55963,738,21499,11.06,36,951,Approved,0.2,198.15
10628,Midwest,Salaried,131757,646,44852,12.43,48,1661,Defaulted,0.15,464.59
10629,South,Business Owner,69443,733,13016,8.95,24,1977,Approved,0.34,97.08
10630,South,Self-Employed,129259,552,7384,9.14,48,1053,Paid Off,0.1,56.24
10631,Northeast,Business Owner,69063,740,20072,17.5,36,2483,Approved,0.43,292.72
10632,West,Business Owner,144225,667,41703,16.59,36,1529,Defaulted,0.13,576.54
10633,Northeast,Unemployed,146400,568,19482,16.04,36,677,Defaulted,0.06,260.41
10634,Northeast,Business Owner,110818,572,45510,10.28,12,2926,Approved,0.32,389.87
10635,Midwest,Salaried,34703,706,26826,5.18,24,2463,Defaulted,0.85,115.8
10636,Midwest,Business Owner,95128,579,7490,6.04,48,334,Paid Off,0.04,37.7
10637,Northeast,Salaried,102099,588,30518,9.06,48,1352,Paid Off,0.16,230.41
10638,South,Salaried,55849,657,29045,5.2,60,609,Approved,0.13,125.86
10639,Midwest,Salaried,61860,660,31910,5.22,36,1645,Paid Off,0.32,138.81
10640,West,Self-Employed,61585,574,29566,16.92,36,1517,Defaulted,0.3,416.88
10641,Midwest,Unemployed,52015,677,38905,14.18,36,1469,Approved,0.34,459.73
10642,Midwest,Salaried,107539,778,32103,9.02,48,1779,Defaulted,0.2,241.31
10643,West,Salaried,73585,660,41188,6.72,60,285,Approved,0.05,230.65
10644,Northeast,Self-Employed,56958,685,10845,11.65,12,2803,Approved,0.59,105.29
10645,West,Salaried,56017,655,26162,5.07,24,2065,Rejected,0.44,110.53
10646,Northeast,Business Owner,106707,735,41674,17.2,12,1669,Rejected,0.19,597.33
10647,Northeast,Business Owner,75350,693,24337,10.39,48,577,Paid Off,0.09,210.72
10648,Northeast,Unemployed,42201,621,27313,10.23,36,1880,Approved,0.53,232.84
10649,West,Salaried,59426,678,31943,10.08,24,1274,Defaulted,0.26,268.32
10650,Northeast,Self-Employed,47778,657,17413,5.9,48,441,Approved,0.11,85.61
10651,South,Business Owner,75241,554,5276,13.3,48,1119,Approved,0.18,58.48
10652,West,Self-Employed,72229,552,22611,14.53,48,1786,Approved,0.3,273.78
10653,South,Self-Employed,116652,742,44105,13.79,24,2513,Rejected,0.26,506.84
10654,Northeast,Business Owner,148402,681,16944,6.8,24,2959,Defaulted,0.24,96.02
10655,Midwest,Self-Employed,78364,653,20906,12.52,60,1471,Paid Off,0.23,218.12
10656,Northeast,Business Owner,128833,776,25536,12.4,60,269,Paid Off,0.03,263.87
10657,South,Self-Employed,114878,773,32810,16.29,12,2304,Approved,0.24,445.4
10658,South,Business Owner,87056,613,17306,9.93,24,1605,Rejected,0.22,143.21
10659,West,Salaried,57490,655,15503,9.83,24,2286,Approved,0.48,127.0
10660,Midwest,Unemployed,49975,647,24225,13.04,24,2207,Approved,0.53,263.24
10661,West,Business Owner,56723,784,41976,13.23,60,1000,Approved,0.21,462.79
10662,South,Business Owner,53279,766,16590,11.1,48,1241,Paid Off,0.28,153.46
10663,Northeast,Unemployed,108301,559,15886,10.76,36,2979,Rejected,0.33,142.44
10664,Midwest,Business Owner,142214,698,17866,11.42,60,1024,Paid Off,0.09,170.02
10665,Northeast,Business Owner,41561,677,6088,16.19,24,955,Approved,0.28,82.14
10666,Northeast,Self-Employed,137435,595,8363,11.0,60,2599,Approved,0.23,76.66
10667,Midwest,Unemployed,96061,780,37792,17.22,12,2195,Paid Off,0.27,542.32
10668,West,Salaried,118397,768,14764,11.55,24,2039,Approved,0.21,142.1
10669,Northeast,Business Owner,79153,704,25620,17.34,12,1521,Defaulted,0.23,370.21
10670,South,Unemployed,63142,615,47727,15.83,24,2530,Paid Off,0.48,629.6
10671,Northeast,Self-Employed,56916,718,17935,9.71,60,1809,Approved,0.38,145.12
10672,Midwest,Salaried,94324,661,13068,16.23,48,309,Defaulted,0.04,176.74
10673,Midwest,Unemployed,74965,562,12295,6.43,36,1216,Rejected,0.19,65.88
10674,Midwest,Salaried,34648,686,46160,17.03,12,2161,Approved,0.75,655.09
10675,West,Salaried,65133,793,16390,13.21,60,2791,Paid Off,0.51,180.43
10676,Northeast,Salaried,80677,713,46216,5.71,48,1969,Approved,0.29,219.91
10677,West,Business Owner,126059,635,25131,13.38,60,224,Paid Off,0.02,280.21
10678,West,Business Owner,124588,783,34218,17.67,12,1042,Paid Off,0.1,503.86
10679,Midwest,Self-Employed,129950,639,15433,5.91,36,937,Defaulted,0.09,76.01
10680,Midwest,Self-Employed,128317,607,20038,12.21,60,2304,Rejected,0.22,203.89
10681,West,Unemployed,100135,603,33182,14.72,24,379,Approved,0.05,407.03
10682,Northeast,Self-Employed,65046,561,16528,15.53,48,431,Paid Off,0.08,213.9
10683,South,Salaried,77064,758,26281,10.38,60,2117,Approved,0.33,227.33
10684,West,Salaried,131459,755,13605,7.65,48,542,Rejected,0.05,86.73
10685,Northeast,Business Owner,136625,563,39782,5.55,24,676,Rejected,0.06,183.99
10686,Midwest,Salaried,99350,670,6381,12.54,36,2022,Approved,0.24,66.68
10687,Midwest,Unemployed,75893,711,6098,10.89,36,2823,Approved,0.45,55.34
10688,Northeast,Salaried,131520,730,24810,17.33,24,654,Defaulted,0.06,358.3
10689,South,Salaried,91272,670,29322,5.79,48,1455,Defaulted,0.19,141.48
10690,Midwest,Unemployed,122152,569,46869,13.91,60,488,Approved,0.05,543.29
10691,Midwest,Self-Employed,97649,624,37955,5.32,24,1436,Approved,0.18,168.27
10692,Midwest,Self-Employed,94674,693,49716,7.23,12,2505,Approved,0.32,299.54
10693,Northeast,Unemployed,149044,792,15207,10.9,48,729,Defaulted,0.06,138.13
10694,West,Business Owner,138542,772,26793,10.91,36,2934,Approved,0.25,243.59
10695,Midwest,Salaried,43760,796,7092,13.91,24,2476,Paid Off,0.68,82.21
10696,West,Unemployed,51927,619,33220,16.83,36,795,Approved,0.18,465.91
10697,South,Salaried,116475,605,23514,13.31,48,634,Paid Off,0.07,260.81
10698,Midwest,Business Owner,91367,760,43010,17.4,36,1081,Approved,0.14,623.64
10699,Midwest,Salaried,127955,650,13549,16.46,24,1981,Paid Off,0.19,185.85
10700,South,Unemployed,42588,735,27031,12.6,48,601,Approved,0.17,283.83
10701,Midwest,Salaried,131678,681,10185,15.84,12,2869,Paid Off,0.26,134.44
10702,West,Self-Employed,134734,660,20271,13.35,24,2335,Approved,0.21,225.51
10703,Northeast,Business Owner,148154,674,10776,6.02,60,2831,Paid Off,0.23,54.06
10704,West,Business Owner,82233,681,17449,14.63,24,1765,Defaulted,0.26,212.73
10705,Northeast,Business Owner,74738,569,29297,6.23,48,508,Approved,0.08,152.1
10706,Northeast,Unemployed,63397,687,45591,12.72,24,542,Defaulted,0.1,483.26
10707,West,Business Owner,112189,573,20717,14.13,12,635,Rejected,0.07,243.94
10708,West,Self-Employed,106367,795,45123,5.86,12,376,Approved,0.04,220.35
10709,West,Unemployed,101260,776,44233,8.0,60,338,Approved,0.04,294.89
10710,West,Self-Employed,106619,703,15350,16.9,36,393,Approved,0.04,216.18
10711,South,Salaried,141453,586,35622,13.01,48,1384,Paid Off,0.12,386.2
10712,Midwest,Salaried,49816,779,40323,8.2,48,1142,Paid Off,0.28,275.54
10713,Northeast,Salaried,72240,762,7951,13.98,36,724,Approved,0.12,92.63
10714,West,Salaried,36276,603,22622,12.76,12,1824,Rejected,0.6,240.55
10715,West,Self-Employed,143939,781,9727,11.52,12,2457,Paid Off,0.2,93.38
10716,West,Unemployed,134199,652,43454,17.69,24,940,Defaulted,0.08,640.58
10717,South,Unemployed,109530,698,41469,13.88,60,1061,Rejected,0.12,479.66
10718,West,Business Owner,53499,751,40548,9.88,60,1153,Defaulted,0.26,333.85
10719,West,Self-Employed,118576,587,28782,15.4,60,1502,Rejected,0.15,369.37
10720,West,Salaried,138856,723,33454,16.5,24,1474,Approved,0.13,459.99
10721,Midwest,Self-Employed,112495,553,7368,6.63,60,1943,Paid Off,0.21,40.71
10722,South,Business Owner,101635,737,20592,7.61,36,2387,Approved,0.28,130.59
10723,West,Business Owner,137803,606,27173,7.81,24,991,Approved,0.09,176.85
10724,Northeast,Self-Employed,115112,722,38204,13.99,36,745,Approved,0.08,445.39
10725,Northeast,Self-Employed,65946,569,40596,12.84,24,2044,Paid Off,0.37,434.38
10726,Northeast,Self-Employed,85204,566,39324,13.05,60,1216,Paid Off,0.17,427.65
10727,South,Unemployed,81886,668,28864,17.23,36,2127,Approved,0.31,414.44
10728,South,Salaried,101652,620,35750,15.09,36,1753,Approved,0.21,449.56
10729,Northeast,Self-Employed,45563,553,15576,6.66,36,256,Approved,0.07,86.45
10730,West,Self-Employed,122324,770,21566,9.52,24,2359,Rejected,0.23,171.09
10731,South,Self-Employed,122464,563,12190,10.66,48,204,Approved,0.02,108.29
10732,Northeast,Business Owner,131872,552,28071,10.15,60,1637,Paid Off,0.15,237.43
10733,Northeast,Business Owner,39847,765,43333,13.7,36,1562,Approved,0.47,494.72
10734,West,Unemployed,56155,778,20369,16.59,48,2020,Approved,0.43,281.6
10735,Midwest,Salaried,109671,629,29035,8.98,60,1482,Approved,0.16,217.28
10736,South,Unemployed,146891,735,6589,12.17,60,2337,Approved,0.19,66.82
10737,West,Salaried,113310,604,30235,15.26,36,2863,Defaulted,0.3,384.49
10738,Northeast,Business Owner,97278,793,5159,10.41,36,2945,Approved,0.36,44.75
10739,Northeast,Business Owner,48309,681,17145,7.19,24,1473,Approved,0.37,102.73
10740,West,Business Owner,30619,669,20373,11.17,48,1331,Approved,0.52,189.64
10741,South,Unemployed,113194,573,36921,5.72,48,867,Approved,0.09,175.99
10742,Midwest,Self-Employed,80108,711,44323,17.25,36,2841,Approved,0.43,637.14
10743,Midwest,Self-Employed,64707,707,21237,5.97,60,2836,Approved,0.53,105.65
10744,Northeast,Business Owner,50337,631,46971,10.7,36,2732,Rejected,0.65,418.82
10745,South,Self-Employed,111537,696,13244,11.89,60,1481,Rejected,0.16,131.23
10746,Midwest,Self-Employed,96504,708,19743,17.81,60,2886,Approved,0.36,293.02
10747,South,Unemployed,77614,737,36566,7.16,36,1196,Approved,0.18,218.18
10748,South,Salaried,121428,609,23691,6.49,12,2126,Defaulted,0.21,128.13
10749,Northeast,Business Owner,121155,696,38996,5.11,48,481,Approved,0.05,166.06
10750,Midwest,Business Owner,30281,598,10590,7.02,60,1427,Approved,0.57,61.95
10751,West,Unemployed,57420,612,10585,7.69,60,2263,Approved,0.47,67.83
10752,Northeast,Unemployed,110896,659,14227,13.2,12,1135,Approved,0.12,156.5
10753,Midwest,Self-Employed,69030,760,33278,7.86,24,453,Paid Off,0.08,217.97
10754,Midwest,Business Owner,31058,699,43814,5.27,12,1411,Approved,0.55,192.42
10755,Midwest,Salaried,116213,701,17237,15.75,12,528,Paid Off,0.05,226.24
10756,Midwest,Unemployed,106260,658,20649,9.75,60,2791,Approved,0.32,167.77
10757,Midwest,Salaried,58404,625,42713,9.6,48,1620,Approved,0.33,341.7
10758,South,Salaried,133482,579,12927,8.93,12,1740,Paid Off,0.16,96.2
10759,Northeast,Business Owner,135284,607,12016,17.68,24,1392,Approved,0.12,177.04
10760,South,Business Owner,59856,779,19027,7.21,36,1916,Rejected,0.38,114.32
10761,West,Unemployed,39200,666,29142,16.68,12,2613,Approved,0.8,405.07
10762,Midwest,Business Owner,94178,708,28545,15.1,12,1401,Paid Off,0.18,359.19
10763,Northeast,Business Owner,63997,649,36897,5.99,24,854,Approved,0.16,184.18
10764,Midwest,Business Owner,55611,741,8167,17.83,48,1585,Defaulted,0.34,121.35
10765,Northeast,Salaried,149273,568,49757,8.53,12,959,Approved,0.08,353.69
10766,South,Unemployed,71235,725,31917,6.28,12,2886,Defaulted,0.49,167.03
10767,Northeast,Self-Employed,147428,722,27736,15.78,48,1998,Approved,0.16,364.73
10768,West,Salaried,65057,777,32990,14.19,24,1263,Paid Off,0.23,390.11
10769,West,Business Owner,31239,643,19087,13.02,12,615,Approved,0.24,207.09
10770,Northeast,Salaried,133674,732,27440,7.03,48,454,Defaulted,0.04,160.75
10771,Northeast,Business Owner,144474,662,40205,11.22,12,1366,Approved,0.11,375.92
10772,Northeast,Business Owner,95661,732,20275,15.15,36,2076,Approved,0.26,255.97
10773,Northeast,Salaried,75272,774,10276,8.95,60,2957,Approved,0.47,76.64
10774,West,Unemployed,119393,695,46627,9.05,36,2824,Approved,0.28,351.65
10775,Midwest,Business Owner,91212,612,45586,5.04,12,1099,Approved,0.14,191.46
10776,Northeast,Unemployed,45398,665,42496,7.27,24,2258,Defaulted,0.6,257.45
10777,Northeast,Self-Employed,86503,662,24008,16.38,60,225,Defaulted,0.03,327.71
10778,West,Business Owner,36638,769,10738,10.74,36,620,Approved,0.2,96.11
10779,West,Unemployed,36570,596,37402,17.8,48,1444,Defaulted,0.47,554.8
10780,South,Unemployed,98785,752,10793,10.14,24,2076,Rejected,0.25,91.2
10781,Northeast,Self-Employed,39110,606,42291,14.3,36,2743,Approved,0.84,503.97
10782,South,Unemployed,135899,667,10571,8.66,48,1460,Paid Off,0.13,76.29
10783,West,Unemployed,109141,594,36331,9.73,12,2484,Paid Off,0.27,294.58
10784,West,Self-Employed,42115,710,21209,7.48,48,1208,Defaulted,0.34,132.2
10785,Midwest,Business Owner,69062,694,30394,9.51,36,418,Approved,0.07,240.87
10786,Northeast,Unemployed,52911,747,48148,12.11,36,1710,Paid Off,0.39,485.89
10787,South,Unemployed,134061,553,30682,17.89,12,2159,Approved,0.19,457.42
10788,West,Unemployed,62556,697,7224,13.63,48,2708,Approved,0.52,82.05
10789,West,Salaried,108131,789,46157,7.59,48,862,Approved,0.1,291.94
10790,South,Self-Employed,31969,596,49452,5.58,12,2882,Defaulted,1.08,229.95
10791,Midwest,Salaried,73753,768,48408,6.64,48,1189,Paid Off,0.19,267.86
10792,West,Self-Employed,112811,692,37441,12.31,12,388,Paid Off,0.04,384.08
10793,Northeast,Business Owner,34470,747,46430,14.95,24,454,Rejected,0.16,578.44
10794,West,Business Owner,40225,596,44129,17.23,36,267,Approved,0.08,633.62
10795,Northeast,Unemployed,137860,627,39716,5.21,24,815,Approved,0.07,172.43
10796,South,Self-Employed,137510,673,49859,11.8,60,2583,Approved,0.23,490.28
10797,Northeast,Business Owner,138295,624,31586,11.12,60,2918,Approved,0.25,292.7
10798,South,Self-Employed,53196,652,49760,13.53,60,1073,Paid Off,0.24,561.04
10799,Northeast,Business Owner,135823,686,28478,12.27,12,2547,Rejected,0.23,291.19
10800,South,Salaried,43669,639,11318,13.93,48,1825,Approved,0.5,131.38
10801,Northeast,Business Owner,67380,693,33694,13.56,24,556,Approved,0.1,380.74
10802,Midwest,Salaried,140677,618,25180,6.52,24,455,Approved,0.04,136.81
10803,Northeast,Business Owner,145886,798,17180,15.4,24,1207,Approved,0.1,220.48
10804,Northeast,Unemployed,78320,793,38002,6.6,24,2600,Defaulted,0.4,209.01
10805,Midwest,Salaried,77414,610,20372,14.08,60,1955,Paid Off,0.3,239.03
10806,West,Business Owner,133542,687,34796,10.41,24,2771,Paid Off,0.25,301.86
10807,West,Unemployed,45577,599,29427,11.68,48,483,Approved,0.13,286.42
10808,Northeast,Salaried,118009,552,38290,16.74,60,298,Approved,0.03,534.15
10809,Midwest,Unemployed,85409,754,33099,16.57,24,396,Approved,0.06,457.04
10810,Northeast,Self-Employed,58625,656,14821,15.63,12,2729,Defaulted,0.56,193.04
10811,South,Self-Employed,111040,662,10832,11.63,36,1077,Paid Off,0.12,104.98
10812,South,Salaried,54089,643,17820,14.57,36,2068,Approved,0.46,216.36
10813,Northeast,Business Owner,66487,667,21211,11.67,36,2862,Rejected,0.52,206.28
10814,West,Salaried,95838,786,44890,16.3,60,2865,Approved,0.36,609.76
10815,West,Unemployed,126999,747,10842,10.24,24,1588,Paid Off,0.15,92.52
10816,Northeast,Business Owner,140448,630,6316,17.61,60,2615,Defaulted,0.22,92.69
10817,Northeast,Self-Employed,124795,658,22508,17.12,48,769,Rejected,0.07,321.11
10818,South,Business Owner,80138,600,27005,14.64,12,2837,Rejected,0.42,329.46
10819,West,Self-Employed,72823,794,20206,8.63,12,1265,Approved,0.21,145.31
10820,Northeast,Business Owner,67208,696,23971,6.71,36,621,Approved,0.11,134.04
10821,South,Business Owner,84061,719,30599,16.11,36,1404,Approved,0.2,410.79
10822,West,Business Owner,60659,584,27056,7.15,36,744,Approved,0.15,161.21
10823,Midwest,Unemployed,131376,595,6378,16.11,24,270,Paid Off,0.02,85.62
10824,South,Unemployed,61890,703,6519,11.38,48,1423,Paid Off,0.28,61.82
10825,West,Salaried,109134,792,27161,10.29,48,967,Approved,0.11,232.91
10826,West,Salaried,77055,618,45703,16.74,48,2554,Paid Off,0.4,637.56
10827,South,Self-Employed,142269,642,43861,12.85,48,1906,Approved,0.16,469.68
10828,Midwest,Unemployed,49508,613,10355,12.5,36,2624,Approved,0.64,107.86
10829,South,Self-Employed,72287,714,14083,12.26,12,854,Approved,0.14,143.88
10830,West,Salaried,108916,761,43342,9.83,36,2925,Approved,0.32,355.04
10831,Northeast,Self-Employed,56984,598,25456,15.21,48,2646,Approved,0.56,322.65
10832,Northeast,Salaried,140169,698,18324,8.29,36,1996,Approved,0.17,126.59
10833,South,Unemployed,38125,623,7257,17.21,48,420,Approved,0.13,104.08
10834,West,Business Owner,66059,741,32364,16.62,60,381,Defaulted,0.07,448.24
10835,Northeast,Unemployed,99569,554,29972,9.39,12,506,Approved,0.06,234.53
10836,West,Self-Employed,133409,649,31654,14.48,60,2769,Approved,0.25,381.96
10837,South,Self-Employed,47087,619,20233,12.45,24,1619,Approved,0.41,209.92
10838,Northeast,Unemployed,136437,639,20887,9.39,36,1213,Paid Off,0.11,163.44
10839,West,Unemployed,145262,553,34320,17.85,24,2251,Approved,0.19,510.51
10840,Northeast,Salaried,35704,675,25808,5.33,36,1047,Paid Off,0.35,114.63
10841,South,Self-Employed,90576,780,35154,8.28,60,1003,Rejected,0.13,242.56
10842,West,Self-Employed,103384,588,39773,11.76,48,414,Rejected,0.05,389.78
10843,Northeast,Unemployed,117128,791,32747,11.79,48,1643,Rejected,0.17,321.74
10844,South,Business Owner,141279,712,15860,12.66,36,300,Approved,0.03,167.32
10845,Northeast,Self-Employed,102460,678,47838,14.77,48,772,Approved,0.09,588.81
10846,Northeast,Business Owner,57208,573,47156,13.11,60,1532,Approved,0.32,515.18
10847,Midwest,Unemployed,148516,606,23156,12.8,48,857,Rejected,0.07,247.0
10848,Midwest,Unemployed,115150,649,25360,5.7,60,1733,Approved,0.18,120.46
10849,South,Salaried,96024,619,23135,9.89,24,1856,Approved,0.23,190.67
10850,Midwest,Self-Employed,69882,590,30351,8.02,60,425,Defaulted,0.07,202.85
10851,South,Business Owner,55923,731,35499,8.45,12,304,Approved,0.07,249.97
10852,Midwest,Salaried,144044,723,28554,12.21,12,2197,Paid Off,0.18,290.54
10853,Northeast,Self-Employed,131477,609,24604,7.59,12,971,Paid Off,0.09,155.62
10854,South,Salaried,59165,657,21923,8.82,36,628,Approved,0.13,161.13
10855,South,Unemployed,97203,737,13547,8.08,36,633,Approved,0.08,91.22
10856,Northeast,Self-Employed,121749,606,49283,17.33,36,1430,Approved,0.14,711.73
10857,South,Salaried,34114,580,38002,17.28,60,2929,Paid Off,1.03,547.23
10858,South,Salaried,94965,633,19562,12.93,36,2835,Paid Off,0.36,210.78
10859,Midwest,Business Owner,66321,701,12480,17.02,24,1065,Paid Off,0.19,177.01
10860,South,Salaried,103297,766,31672,15.22,12,2993,Defaulted,0.35,401.71
10861,West,Self-Employed,126652,585,9213,12.67,60,2615,Paid Off,0.25,97.27
10862,Northeast,Self-Employed,129304,762,15293,5.08,12,450,Approved,0.04,64.74
10863,Midwest,Business Owner,143942,707,39441,15.04,36,1055,Approved,0.09,494.33
10864,Midwest,Self-Employed,55426,701,7100,14.13,60,1393,Paid Off,0.3,83.6
10865,West,Unemployed,47772,657,49617,13.0,48,760,Approved,0.19,537.52
10866,Northeast,Self-Employed,133754,655,33172,14.89,24,1669,Approved,0.15,411.61
10867,Northeast,Self-Employed,33712,707,25132,11.67,36,2541,Paid Off,0.9,244.41
10868,Midwest,Salaried,31367,635,23199,14.15,36,1118,Approved,0.43,273.55
10869,South,Salaried,136493,769,41609,17.16,24,1373,Defaulted,0.12,595.01
10870,Midwest,Self-Employed,137317,684,47965,9.89,24,632,Paid Off,0.06,395.31
10871,Northeast,Business Owner,145142,712,13016,14.21,48,2306,Approved,0.19,154.13
10872,West,Salaried,121736,732,44779,11.18,36,1168,Defaulted,0.12,417.19
10873,Midwest,Business Owner,81924,769,42261,13.77,36,1035,Approved,0.15,484.94
10874,Northeast,Self-Employed,33726,563,36881,14.92,12,2446,Approved,0.87,458.55
10875,Midwest,Self-Employed,119152,669,22058,5.59,60,2462,Approved,0.25,102.75
10876,South,Unemployed,57723,687,29472,13.41,60,1097,Approved,0.23,329.35
10877,Midwest,Salaried,133110,629,46346,7.95,12,671,Approved,0.06,307.04
10878,Midwest,Self-Employed,130494,693,39926,13.71,60,446,Approved,0.04,456.15
10879,Northeast,Unemployed,39108,731,39832,11.09,24,2629,Approved,0.81,368.11
10880,Northeast,Salaried,107714,772,41021,15.06,60,1190,Approved,0.13,514.81
10881,Northeast,Self-Employed,65643,655,29087,6.6,60,1126,Paid Off,0.21,159.98
10882,Midwest,Self-Employed,61324,766,17828,13.14,12,1391,Paid Off,0.27,195.22
10883,South,Salaried,133896,754,36128,8.62,48,2807,Approved,0.25,259.52
10884,West,Salaried,113360,619,6401,16.09,60,1274,Approved,0.13,85.83
10885,West,Salaried,140896,593,24643,17.07,60,2034,Approved,0.17,350.55
10886,Northeast,Self-Employed,38927,622,20193,17.95,48,888,Approved,0.27,302.05
10887,Northeast,Self-Employed,123680,594,31853,15.35,12,2627,Paid Off,0.25,407.45
10888,Midwest,Unemployed,126546,777,49864,14.8,48,2721,Paid Off,0.26,614.99
10889,West,Business Owner,52443,733,25307,7.8,12,2944,Approved,0.67,164.5
10890,Northeast,Salaried,109973,656,41982,9.37,24,1684,Approved,0.18,327.81
10891,South,Self-Employed,93449,633,24611,11.05,12,1159,Approved,0.15,226.63
10892,South,Self-Employed,139834,631,48791,15.05,24,677,Paid Off,0.06,611.92
10893,Northeast,Salaried,135314,799,16950,16.89,24,906,Approved,0.08,238.57
10894,Northeast,Business Owner,106743,656,15704,7.46,12,1337,Defaulted,0.15,97.63
10895,West,Salaried,90233,734,48111,16.99,36,953,Paid Off,0.13,681.17
10896,West,Business Owner,55537,570,16867,14.04,12,2750,Approved,0.59,197.34
10897,Midwest,Self-Employed,131293,745,7745,12.94,60,1859,Rejected,0.17,83.52
10898,West,Business Owner,107576,727,8866,7.6,60,787,Defaulted,0.09,56.15
10899,South,Unemployed,137522,710,37245,5.72,36,1534,Rejected,0.13,177.53
10900,South,Self-Employed,52612,768,49724,12.39,24,1692,Approved,0.39,513.4
10901,Northeast,Unemployed,123977,556,10818,13.47,36,2047,Approved,0.2,121.43
10902,West,Salaried,36471,619,35116,7.74,60,2955,Paid Off,0.97,226.5
10903,Midwest,Salaried,65631,676,20493,12.23,36,406,Paid Off,0.07,208.86
10904,South,Salaried,138997,692,33038,16.13,12,2398,Paid Off,0.21,444.09
10905,South,Business Owner,122059,759,25447,15.86,36,2915,Defaulted,0.29,336.32
10906,Midwest,Self-Employed,61348,709,35431,17.06,24,2775,Defaulted,0.54,503.71
10907,Midwest,Salaried,94732,797,22908,9.76,12,364,Defaulted,0.05,186.32
10908,South,Salaried,31177,752,34336,9.13,48,2198,Approved,0.85,261.24
10909,South,Self-Employed,34760,697,45992,14.74,60,2284,Rejected,0.79,564.94
10910,Midwest,Salaried,62779,765,9025,10.6,60,532,Paid Off,0.1,79.72
10911,South,Unemployed,51636,692,25093,6.14,36,602,Paid Off,0.14,128.39
10912,Northeast,Self-Employed,111889,725,11155,8.68,12,613,Paid Off,0.07,80.69
10913,Northeast,Self-Employed,83551,748,38487,10.44,48,244,Approved,0.04,334.84
10914,Midwest,Self-Employed,41556,698,25963,8.8,12,2453,Paid Off,0.71,190.4
10915,West,Unemployed,57598,719,25936,9.32,60,261,Paid Off,0.05,201.44
10916,Midwest,Self-Employed,41563,703,9426,8.82,12,2667,Approved,0.77,69.28
10917,Midwest,Unemployed,76819,785,28303,5.54,48,1067,Approved,0.17,130.67
10918,West,Self-Employed,139326,669,32606,13.28,36,1691,Approved,0.15,360.84
10919,West,Business Owner,103770,677,33151,12.76,24,218,Approved,0.03,352.51
10920,West,Salaried,121055,691,18767,13.49,12,564,Approved,0.06,210.97
10921,Northeast,Business Owner,56966,606,16308,7.5,24,2675,Approved,0.56,101.92
10922,South,Salaried,111709,714,49245,8.84,60,1340,Rejected,0.14,362.77
10923,Northeast,Unemployed,89889,607,29770,13.06,36,779,Paid Off,0.1,324.0
10924,South,Business Owner,56987,570,33572,12.8,36,745,Paid Off,0.16,358.1
10925,Northeast,Self-Employed,108714,631,46448,11.58,12,1929,Paid Off,0.21,448.22
10926,South,Salaried,134874,618,7204,9.56,36,2572,Approved,0.23,57.39
10927,Northeast,Salaried,88348,680,32233,16.87,12,254,Approved,0.03,453.14
10928,West,Business Owner,54596,636,26729,9.42,12,977,Defaulted,0.21,209.82
10929,Midwest,Unemployed,63174,767,36131,10.92,24,241,Approved,0.05,328.79
10930,Northeast,Business Owner,94106,714,38870,13.82,36,1520,Defaulted,0.19,447.65
10931,South,Unemployed,137510,765,43011,12.06,12,430,Paid Off,0.04,432.26
10932,West,Unemployed,99967,598,44382,9.51,24,652,Rejected,0.08,351.73
10933,Northeast,Salaried,89182,696,46475,10.66,48,2641,Defaulted,0.36,412.85
10934,Northeast,Business Owner,123300,664,26607,15.33,24,1745,Approved,0.17,339.9
10935,West,Business Owner,117163,638,29968,8.62,24,1581,Approved,0.16,215.27
10936,Northeast,Unemployed,69310,634,38398,6.85,12,1667,Paid Off,0.29,219.19
10937,Midwest,Business Owner,86088,677,16908,9.07,60,1351,Approved,0.19,127.8
10938,Northeast,Self-Employed,38906,689,31423,16.04,60,2938,Defaulted,0.91,420.02
10939,Midwest,Self-Employed,66914,798,48615,6.16,60,2639,Approved,0.47,249.56
10940,Midwest,Business Owner,140350,738,14171,17.89,24,1416,Rejected,0.12,211.27
10941,West,Business Owner,75379,718,17721,12.03,12,2851,Rejected,0.45,177.65
10942,Northeast,Unemployed,108612,710,21616,17.8,36,1080,Paid Off,0.12,320.64
10943,West,Self-Employed,144828,727,47512,17.21,24,284,Approved,0.02,681.4
10944,Northeast,Self-Employed,67650,666,43458,10.89,24,1253,Approved,0.22,394.38
10945,Northeast,Salaried,76881,745,12659,7.58,12,248,Paid Off,0.04,79.96
10946,South,Unemployed,76413,676,48369,7.14,48,1368,Approved,0.21,287.8
10947,Northeast,Salaried,36012,783,16704,8.12,24,268,Paid Off,0.09,113.03
10948,West,Self-Employed,80115,798,37793,14.23,48,2944,Rejected,0.44,448.16
10949,Midwest,Unemployed,37151,620,36226,8.55,48,2726,Paid Off,0.88,258.11
10950,Northeast,Business Owner,87716,635,28852,9.44,60,1901,Paid Off,0.26,226.97
10951,South,Unemployed,123747,796,37082,10.83,12,1798,Approved,0.17,334.67
10952,West,Business Owner,122653,582,27794,16.87,48,2394,Rejected,0.23,390.74
10953,Northeast,Business Owner,66378,630,46420,7.46,12,2069,Defaulted,0.37,288.58
10954,West,Unemployed,72652,701,18379,5.07,60,1215,Approved,0.2,77.65
10955,South,Business Owner,102430,610,12006,5.78,12,2856,Defaulted,0.33,57.83
10956,South,Salaried,43467,610,13682,16.76,24,645,Approved,0.18,191.09
10957,West,Self-Employed,61010,647,38840,13.42,48,2468,Approved,0.49,434.36
10958,Northeast,Business Owner,144793,577,37430,8.55,12,1601,Approved,0.13,266.69
10959,Midwest,Salaried,84691,735,28091,7.3,36,2342,Defaulted,0.33,170.89
10960,South,Business Owner,94157,592,37983,8.83,12,461,Approved,0.06,279.49
10961,Northeast,Self-Employed,138177,718,28989,6.49,48,2048,Defaulted,0.18,156.78
10962,Northeast,Salaried,42289,716,14915,17.24,60,1096,Defaulted,0.31,214.28
10963,Midwest,Self-Employed,74976,635,47552,15.19,60,1294,Approved,0.21,601.93
10964,South,Self-Employed,73596,726,23990,11.01,48,2466,Approved,0.4,220.11
10965,South,Salaried,53171,566,29734,16.24,24,1756,Paid Off,0.4,402.4
10966,Northeast,Salaried,130441,647,19824,8.24,24,291,Approved,0.03,136.12
10967,Northeast,Salaried,116365,747,41081,14.32,60,326,Paid Off,0.03,490.23
10968,Midwest,Unemployed,148218,787,16033,16.13,60,279,Approved,0.02,215.51
10969,Midwest,Salaried,129590,747,47736,9.64,48,2047,Approved,0.19,383.48
10970,South,Salaried,144014,647,21241,14.85,24,1182,Paid Off,0.1,262.86
10971,West,Salaried,74139,614,10939,8.84,60,1115,Approved,0.18,80.58
10972,South,Salaried,78713,623,40063,8.89,24,2733,Approved,0.42,296.8
10973,Northeast,Business Owner,59734,634,39464,6.39,60,893,Approved,0.18,210.15
10974,South,Unemployed,102588,554,16185,10.72,12,224,Approved,0.03,144.59
10975,West,Self-Employed,93646,551,32045,14.49,36,355,Rejected,0.05,386.94
10976,Midwest,Salaried,33654,571,49769,17.22,12,2879,Paid Off,1.03,714.19
10977,West,Business Owner,119022,661,24167,12.85,60,2012,Approved,0.2,258.79
10978,West,Business Owner,48743,606,41412,16.22,36,1753,Rejected,0.43,559.75
10979,West,Business Owner,78368,615,26625,15.69,36,2166,Paid Off,0.33,348.12
10980,Midwest,Self-Employed,120025,623,44188,7.25,60,1933,Approved,0.19,266.97
10981,West,Salaried,104172,647,32076,11.32,60,1280,Approved,0.15,302.58
10982,West,Unemployed,36441,693,49605,6.52,24,1828,Defaulted,0.6,269.52
10983,West,Unemployed,149735,661,24029,13.87,60,218,Paid Off,0.02,277.74
10984,Northeast,Business Owner,54611,728,27973,17.35,48,1607,Rejected,0.35,404.44
10985,West,Self-Employed,149891,674,44121,6.78,60,1416,Paid Off,0.11,249.28
10986,Midwest,Self-Employed,137971,716,36433,14.54,48,2484,Approved,0.22,441.45
10987,West,Self-Employed,42149,635,48309,13.22,60,1610,Paid Off,0.46,532.2
10988,West,Unemployed,130102,625,6932,12.59,24,476,Rejected,0.04,72.73
10989,Midwest,Business Owner,89189,637,49254,10.07,48,944,Rejected,0.13,413.32
10990,West,Salaried,137904,788,6757,9.62,12,751,Approved,0.07,54.17
10991,Midwest,Unemployed,51675,717,35722,5.59,48,1376,Approved,0.32,166.4
10992,West,Business Owner,101031,587,42853,7.83,24,838,Approved,0.1,279.62
10993,Midwest,Business Owner,72668,737,43405,5.2,48,436,Defaulted,0.07,188.09
10994,West,Salaried,43673,608,6116,12.56,60,1197,Approved,0.33,64.01
10995,West,Salaried,106666,687,48527,6.38,60,2302,Approved,0.26,258.0
10996,Northeast,Salaried,118204,648,16691,16.35,24,2203,Approved,0.22,227.41
10997,Northeast,Self-Employed,110758,741,5492,11.8,36,1659,Approved,0.18,54.0
10998,West,Salaried,95429,792,32882,14.1,60,2931,Paid Off,0.37,386.36
10999,West,Business Owner,53669,612,13811,10.34,12,2356,Rejected,0.53,119.0
11000,South,Salaried,64068,598,32808,12.29,24,1407,Rejected,0.26,336.01
